id,user_id,title,issue_id,is_active,created_at,updated_at
49,1,Issue #93 Discussion,93,true,2024-01-19 12:14:08.000000+00,2024-01-19 12:14:08.000000+00
50,1,Issue #94 Discussion,94,true,2024-02-02 13:29:33.000000+00,2024-02-02 13:29:33.000000+00
51,1,Issue #96 Discussion,96,true,2024-02-05 13:49:59.000000+00,2024-02-05 13:49:59.000000+00
52,1,Issue #97 Discussion,97,true,2024-02-07 17:05:46.000000+00,2024-02-07 17:05:46.000000+00
53,1,Issue #99 Discussion,99,true,2024-03-13 09:01:37.000000+00,2024-03-13 09:01:37.000000+00
54,1,Issue #102 Discussion,102,true,2024-03-25 15:06:15.000000+00,2024-03-25 15:06:15.000000+00
55,1,Issue #103 Discussion,103,true,2024-03-28 13:03:41.000000+00,2024-03-28 13:03:41.000000+00
56,1,Issue #104 Discussion,104,true,2024-05-07 09:24:00.000000+00,2024-05-07 09:24:00.000000+00
57,1,Issue #105 Discussion,105,true,2024-05-13 13:34:03.000000+00,2024-05-13 13:34:03.000000+00
58,1,Issue #111 Discussion,111,true,2024-06-23 16:03:05.000000+00,2024-06-23 16:03:05.000000+00
59,1,Issue #112 Discussion,112,true,2024-06-25 12:00:07.000000+00,2024-06-25 12:00:07.000000+00
60,1,Issue #114 Discussion,114,true,2024-06-30 15:56:26.000000+00,2024-06-30 15:56:26.000000+00
61,1,Issue #115 Discussion,115,true,2024-07-02 12:02:54.000000+00,2024-07-02 12:02:54.000000+00
62,1,Issue #116 Discussion,116,true,2024-07-13 12:17:55.000000+00,2024-07-13 12:17:55.000000+00
63,1,Issue #117 Discussion,117,true,2024-07-24 10:16:02.000000+00,2024-07-24 10:16:02.000000+00
64,1,Issue #120 Discussion,120,true,2024-07-28 11:13:27.000000+00,2024-07-28 11:13:27.000000+00
65,1,Issue #121 Discussion,121,true,2024-08-02 13:05:52.000000+00,2024-08-02 13:05:52.000000+00
66,1,Issue #122 Discussion,122,true,2024-08-04 15:29:26.000000+00,2024-08-04 15:29:26.000000+00
67,1,Issue #123 Discussion,123,true,2024-08-13 15:44:33.000000+00,2024-08-13 15:44:33.000000+00
68,1,Issue #124 Discussion,124,true,2024-08-31 13:48:57.000000+00,2024-08-31 13:48:57.000000+00
69,1,Issue #128 Discussion,128,true,2024-10-07 16:53:26.000000+00,2024-10-07 16:53:26.000000+00
70,1,Issue #129 Discussion,129,true,2024-10-11 12:10:53.000000+00,2024-10-11 12:10:53.000000+00
71,1,Issue #130 Discussion,130,true,2024-10-17 09:24:20.000000+00,2024-10-17 09:24:20.000000+00
72,1,Issue #133 Discussion,133,true,2024-11-18 15:10:19.000000+00,2024-11-18 15:10:19.000000+00
73,1,Issue #135 Discussion,135,true,2025-01-17 12:32:41.000000+00,2025-01-17 12:32:41.000000+00
74,1,Issue #137 Discussion,137,true,2025-02-15 16:15:48.000000+00,2025-02-15 16:15:48.000000+00
75,1,Issue #138 Discussion,138,true,2025-02-20 11:38:44.000000+00,2025-02-20 11:38:44.000000+00
76,1,Issue #139 Discussion,139,true,2025-02-24 14:41:45.000000+00,2025-02-24 14:41:45.000000+00
77,1,Issue #140 Discussion,140,true,2025-02-27 12:47:35.000000+00,2025-02-27 12:47:35.000000+00
78,1,Issue #141 Discussion,141,true,2025-03-11 17:44:11.000000+00,2025-03-11 17:44:11.000000+00
79,1,Issue #142 Discussion,142,true,2025-03-16 08:34:08.000000+00,2025-03-16 08:34:08.000000+00
80,1,Issue #143 Discussion,143,true,2025-03-20 12:11:03.000000+00,2025-03-20 12:11:03.000000+00
81,1,Issue #145 Discussion,145,true,2025-04-03 13:27:19.000000+00,2025-04-03 13:27:19.000000+00
82,1,Issue #147 Discussion,147,true,2025-04-23 15:40:37.000000+00,2025-04-23 15:40:37.000000+00
83,1,Issue #149 Discussion,149,true,2025-04-26 16:47:20.000000+00,2025-04-26 16:47:20.000000+00
84,1,Issue #151 Discussion,151,true,2025-05-03 10:26:44.000000+00,2025-05-03 10:26:44.000000+00
85,1,Issue #152 Discussion,152,true,2025-05-07 15:55:32.000000+00,2025-05-07 15:55:32.000000+00
86,1,Issue #153 Discussion,153,true,2025-05-22 13:59:18.000000+00,2025-05-22 13:59:18.000000+00
87,1,Issue #154 Discussion,154,true,2025-05-28 12:14:53.000000+00,2025-05-28 12:14:53.000000+00
88,1,Issue #155 Discussion,155,true,2025-06-07 12:29:35.000000+00,2025-06-07 12:29:35.000000+00
89,1,Issue #157 Discussion,157,true,2025-06-30 17:55:12.000000+00,2025-06-30 17:55:12.000000+00
90,1,Issue #159 Discussion,159,true,2025-07-05 16:06:33.000000+00,2025-07-05 16:06:33.000000+00
91,1,Issue #160 Discussion,160,true,2025-08-03 14:54:21.000000+00,2025-08-03 14:54:21.000000+00
92,1,Issue #163 Discussion,163,true,2025-08-27 14:31:58.000000+00,2025-08-27 14:31:58.000000+00
93,1,Issue #164 Discussion,164,true,2025-09-11 11:34:10.000000+00,2025-09-11 11:34:10.000000+00
94,1,Issue #165 Discussion,165,true,2025-09-21 18:54:30.000000+00,2025-09-21 18:54:30.000000+00
95,1,Issue #167 Discussion,167,true,2025-10-05 14:46:49.000000+00,2025-10-05 14:46:49.000000+00
96,1,Issue #169 Discussion,169,true,2025-10-27 15:30:51.000000+00,2025-10-27 15:30:51.000000+00
97,1,Issue #171 Discussion,171,true,2025-11-12 08:56:35.000000+00,2025-11-12 08:56:35.000000+00
98,1,Issue #172 Discussion,172,true,2025-11-28 09:31:07.000000+00,2025-11-28 09:31:07.000000+00
99,1,Issue #173 Discussion,173,true,2025-12-03 16:41:06.000000+00,2025-12-03 16:41:06.000000+00
100,1,Issue #175 Discussion,175,true,2025-12-25 14:01:03.000000+00,2025-12-25 14:01:03.000000+00
101,1,Issue #176 Discussion,176,true,2026-01-06 16:21:49.000000+00,2026-01-06 16:21:49.000000+00
102,2,Issue #177 Discussion,177,true,2024-01-26 11:20:42.000000+00,2024-01-26 11:20:42.000000+00
103,2,Issue #178 Discussion,178,true,2024-02-06 14:51:08.000000+00,2024-02-06 14:51:08.000000+00
104,2,Issue #181 Discussion,181,true,2024-04-06 11:00:11.000000+00,2024-04-06 11:00:11.000000+00
105,2,Issue #182 Discussion,182,true,2024-04-07 11:23:19.000000+00,2024-04-07 11:23:19.000000+00
106,2,Issue #183 Discussion,183,true,2024-04-16 12:28:26.000000+00,2024-04-16 12:28:26.000000+00
107,2,Issue #184 Discussion,184,true,2024-04-16 11:38:03.000000+00,2024-04-16 11:38:03.000000+00
108,2,Issue #185 Discussion,185,true,2024-04-20 10:24:34.000000+00,2024-04-20 10:24:34.000000+00
109,2,Issue #186 Discussion,186,true,2024-05-02 13:45:40.000000+00,2024-05-02 13:45:40.000000+00
110,2,Issue #187 Discussion,187,true,2024-06-24 11:37:25.000000+00,2024-06-24 11:37:25.000000+00
111,2,Issue #189 Discussion,189,true,2024-08-17 10:48:41.000000+00,2024-08-17 10:48:41.000000+00
112,2,Issue #190 Discussion,190,true,2024-08-22 10:04:30.000000+00,2024-08-22 10:04:30.000000+00
113,2,Issue #191 Discussion,191,true,2024-09-06 09:53:18.000000+00,2024-09-06 09:53:18.000000+00
114,2,Issue #192 Discussion,192,true,2024-10-02 09:58:51.000000+00,2024-10-02 09:58:51.000000+00
115,2,Issue #200 Discussion,200,true,2024-11-24 11:15:19.000000+00,2024-11-24 11:15:19.000000+00
116,2,Issue #201 Discussion,201,true,2024-12-03 12:33:26.000000+00,2024-12-03 12:33:26.000000+00
117,2,Issue #203 Discussion,203,true,2024-12-09 17:26:03.000000+00,2024-12-09 17:26:03.000000+00
118,2,Issue #206 Discussion,206,true,2025-03-17 13:04:07.000000+00,2025-03-17 13:04:07.000000+00
119,2,Issue #211 Discussion,211,true,2025-04-14 09:41:21.000000+00,2025-04-14 09:41:21.000000+00
120,2,Issue #212 Discussion,212,true,2025-04-28 12:59:51.000000+00,2025-04-28 12:59:51.000000+00
121,2,Issue #213 Discussion,213,true,2025-05-06 14:19:28.000000+00,2025-05-06 14:19:28.000000+00
122,2,Issue #215 Discussion,215,true,2025-06-17 13:50:28.000000+00,2025-06-17 13:50:28.000000+00
123,2,Issue #216 Discussion,216,true,2025-06-18 12:23:23.000000+00,2025-06-18 12:23:23.000000+00
124,2,Issue #217 Discussion,217,true,2025-06-28 13:58:35.000000+00,2025-06-28 13:58:35.000000+00
125,2,Issue #219 Discussion,219,true,2025-08-12 14:59:44.000000+00,2025-08-12 14:59:44.000000+00
126,2,Issue #220 Discussion,220,true,2025-08-15 12:51:35.000000+00,2025-08-15 12:51:35.000000+00
127,2,Issue #222 Discussion,222,true,2025-09-24 17:03:53.000000+00,2025-09-24 17:03:53.000000+00
128,2,Issue #223 Discussion,223,true,2025-10-07 11:05:16.000000+00,2025-10-07 11:05:16.000000+00
129,2,Issue #224 Discussion,224,true,2025-10-16 10:39:46.000000+00,2025-10-16 10:39:46.000000+00
130,2,Issue #227 Discussion,227,true,2025-11-08 14:55:22.000000+00,2025-11-08 14:55:22.000000+00
131,2,Issue #228 Discussion,228,true,2026-01-12 09:18:24.000000+00,2026-01-12 09:18:24.000000+00
132,2,Issue #229 Discussion,229,true,2024-01-20 11:57:46.000000+00,2024-01-20 11:57:46.000000+00
133,2,Issue #230 Discussion,230,true,2024-01-27 13:53:24.000000+00,2024-01-27 13:53:24.000000+00
134,2,Issue #231 Discussion,231,true,2024-02-12 10:32:49.000000+00,2024-02-12 10:32:49.000000+00
135,2,Issue #232 Discussion,232,true,2024-02-13 10:58:34.000000+00,2024-02-13 10:58:34.000000+00
136,2,Issue #233 Discussion,233,true,2024-02-17 17:19:49.000000+00,2024-02-17 17:19:49.000000+00
137,2,Issue #237 Discussion,237,true,2024-03-25 12:41:12.000000+00,2024-03-25 12:41:12.000000+00
138,2,Issue #238 Discussion,238,true,2024-04-02 16:11:59.000000+00,2024-04-02 16:11:59.000000+00
139,2,Issue #239 Discussion,239,true,2024-04-04 11:29:41.000000+00,2024-04-04 11:29:41.000000+00
140,2,Issue #242 Discussion,242,true,2024-04-26 11:37:46.000000+00,2024-04-26 11:37:46.000000+00
141,2,Issue #244 Discussion,244,true,2024-05-02 18:23:26.000000+00,2024-05-02 18:23:26.000000+00
142,2,Issue #245 Discussion,245,true,2024-07-08 09:35:57.000000+00,2024-07-08 09:35:57.000000+00
143,2,Issue #246 Discussion,246,true,2024-07-26 16:28:51.000000+00,2024-07-26 16:28:51.000000+00
144,2,Issue #247 Discussion,247,true,2024-08-07 08:16:52.000000+00,2024-08-07 08:16:52.000000+00
145,2,Issue #248 Discussion,248,true,2024-08-10 16:59:30.000000+00,2024-08-10 16:59:30.000000+00
146,2,Issue #250 Discussion,250,true,2024-09-03 11:00:48.000000+00,2024-09-03 11:00:48.000000+00
147,2,Issue #251 Discussion,251,true,2024-09-12 11:59:56.000000+00,2024-09-12 11:59:56.000000+00
148,2,Issue #252 Discussion,252,true,2024-10-05 13:45:55.000000+00,2024-10-05 13:45:55.000000+00
149,2,Issue #254 Discussion,254,true,2024-10-08 16:58:11.000000+00,2024-10-08 16:58:11.000000+00
150,2,Issue #255 Discussion,255,true,2024-10-13 10:34:30.000000+00,2024-10-13 10:34:30.000000+00
151,2,Issue #256 Discussion,256,true,2024-10-23 10:15:16.000000+00,2024-10-23 10:15:16.000000+00
152,2,Issue #258 Discussion,258,true,2024-10-28 10:48:30.000000+00,2024-10-28 10:48:30.000000+00
153,2,Issue #259 Discussion,259,true,2024-11-03 11:32:56.000000+00,2024-11-03 11:32:56.000000+00
154,2,Issue #263 Discussion,263,true,2024-12-13 14:00:13.000000+00,2024-12-13 14:00:13.000000+00
155,2,Issue #264 Discussion,264,true,2024-12-20 08:46:17.000000+00,2024-12-20 08:46:17.000000+00
156,2,Issue #265 Discussion,265,true,2024-12-26 11:39:33.000000+00,2024-12-26 11:39:33.000000+00
157,2,Issue #266 Discussion,266,true,2025-01-06 14:54:05.000000+00,2025-01-06 14:54:05.000000+00
158,2,Issue #267 Discussion,267,true,2025-01-12 16:41:50.000000+00,2025-01-12 16:41:50.000000+00
159,2,Issue #268 Discussion,268,true,2025-01-19 09:04:43.000000+00,2025-01-19 09:04:43.000000+00
160,2,Issue #269 Discussion,269,true,2025-01-21 12:04:19.000000+00,2025-01-21 12:04:19.000000+00
161,2,Issue #270 Discussion,270,true,2025-01-28 09:47:22.000000+00,2025-01-28 09:47:22.000000+00
162,2,Issue #273 Discussion,273,true,2025-02-28 11:23:48.000000+00,2025-02-28 11:23:48.000000+00
163,2,Issue #274 Discussion,274,true,2025-02-28 11:05:38.000000+00,2025-02-28 11:05:38.000000+00
164,2,Issue #275 Discussion,275,true,2025-03-15 18:15:36.000000+00,2025-03-15 18:15:36.000000+00
165,2,Issue #277 Discussion,277,true,2025-03-26 17:21:53.000000+00,2025-03-26 17:21:53.000000+00
166,2,Issue #278 Discussion,278,true,2025-03-29 12:20:18.000000+00,2025-03-29 12:20:18.000000+00
167,2,Issue #279 Discussion,279,true,2025-04-05 10:49:35.000000+00,2025-04-05 10:49:35.000000+00
168,2,Issue #280 Discussion,280,true,2025-04-09 11:16:42.000000+00,2025-04-09 11:16:42.000000+00
169,2,Issue #281 Discussion,281,true,2025-04-13 16:26:34.000000+00,2025-04-13 16:26:34.000000+00
170,2,Issue #284 Discussion,284,true,2025-08-23 15:46:09.000000+00,2025-08-23 15:46:09.000000+00
171,2,Issue #285 Discussion,285,true,2025-09-08 11:19:02.000000+00,2025-09-08 11:19:02.000000+00
172,2,Issue #286 Discussion,286,true,2025-09-21 11:27:29.000000+00,2025-09-21 11:27:29.000000+00
173,2,Issue #287 Discussion,287,true,2025-09-21 13:24:00.000000+00,2025-09-21 13:24:00.000000+00
174,2,Issue #288 Discussion,288,true,2025-10-17 10:42:55.000000+00,2025-10-17 10:42:55.000000+00
175,2,Issue #290 Discussion,290,true,2025-11-24 13:26:38.000000+00,2025-11-24 13:26:38.000000+00
176,2,Issue #292 Discussion,292,true,2026-01-11 12:05:36.000000+00,2026-01-11 12:05:36.000000+00
177,3,Issue #293 Discussion,293,true,2024-02-07 16:25:31.000000+00,2024-02-07 16:25:31.000000+00
178,3,Issue #296 Discussion,296,true,2024-04-09 11:43:48.000000+00,2024-04-09 11:43:48.000000+00
179,3,Issue #301 Discussion,301,true,2024-06-16 12:46:13.000000+00,2024-06-16 12:46:13.000000+00
180,3,Issue #302 Discussion,302,true,2024-06-22 14:22:27.000000+00,2024-06-22 14:22:27.000000+00
181,3,Issue #304 Discussion,304,true,2024-07-13 09:56:00.000000+00,2024-07-13 09:56:00.000000+00
182,3,Issue #305 Discussion,305,true,2024-07-24 15:01:37.000000+00,2024-07-24 15:01:37.000000+00
183,3,Issue #306 Discussion,306,true,2024-07-28 14:34:39.000000+00,2024-07-28 14:34:39.000000+00
184,3,Issue #307 Discussion,307,true,2024-08-04 15:43:41.000000+00,2024-08-04 15:43:41.000000+00
185,3,Issue #309 Discussion,309,true,2024-09-06 14:10:23.000000+00,2024-09-06 14:10:23.000000+00
186,3,Issue #310 Discussion,310,true,2024-11-10 14:36:40.000000+00,2024-11-10 14:36:40.000000+00
187,3,Issue #311 Discussion,311,true,2024-11-20 16:43:46.000000+00,2024-11-20 16:43:46.000000+00
188,3,Issue #313 Discussion,313,true,2024-12-02 10:43:57.000000+00,2024-12-02 10:43:57.000000+00
189,3,Issue #314 Discussion,314,true,2025-01-10 11:05:35.000000+00,2025-01-10 11:05:35.000000+00
190,3,Issue #317 Discussion,317,true,2025-02-06 18:09:45.000000+00,2025-02-06 18:09:45.000000+00
191,3,Issue #322 Discussion,322,true,2025-03-08 09:19:16.000000+00,2025-03-08 09:19:16.000000+00
192,3,Issue #323 Discussion,323,true,2025-03-25 08:53:49.000000+00,2025-03-25 08:53:49.000000+00
193,3,Issue #324 Discussion,324,true,2025-04-04 16:28:51.000000+00,2025-04-04 16:28:51.000000+00
194,3,Issue #325 Discussion,325,true,2025-04-08 08:43:27.000000+00,2025-04-08 08:43:27.000000+00
195,3,Issue #327 Discussion,327,true,2025-05-07 11:51:34.000000+00,2025-05-07 11:51:34.000000+00
196,3,Issue #328 Discussion,328,true,2025-06-01 12:11:01.000000+00,2025-06-01 12:11:01.000000+00
197,3,Issue #329 Discussion,329,true,2025-06-10 18:06:15.000000+00,2025-06-10 18:06:15.000000+00
198,3,Issue #331 Discussion,331,true,2025-07-06 18:56:31.000000+00,2025-07-06 18:56:31.000000+00
199,3,Issue #332 Discussion,332,true,2025-07-15 11:39:12.000000+00,2025-07-15 11:39:12.000000+00
200,3,Issue #333 Discussion,333,true,2025-07-20 10:33:55.000000+00,2025-07-20 10:33:55.000000+00
201,3,Issue #336 Discussion,336,true,2025-08-09 15:39:14.000000+00,2025-08-09 15:39:14.000000+00
202,3,Issue #338 Discussion,338,true,2025-08-29 09:28:46.000000+00,2025-08-29 09:28:46.000000+00
203,3,Issue #339 Discussion,339,true,2025-08-30 15:14:10.000000+00,2025-08-30 15:14:10.000000+00
204,3,Issue #340 Discussion,340,true,2025-09-01 14:35:57.000000+00,2025-09-01 14:35:57.000000+00
205,3,Issue #341 Discussion,341,true,2025-10-04 10:12:26.000000+00,2025-10-04 10:12:26.000000+00
206,3,Issue #344 Discussion,344,true,2025-10-14 11:29:16.000000+00,2025-10-14 11:29:16.000000+00
207,3,Issue #345 Discussion,345,true,2025-11-02 15:14:35.000000+00,2025-11-02 15:14:35.000000+00
208,3,Issue #348 Discussion,348,true,2026-01-07 13:54:17.000000+00,2026-01-07 13:54:17.000000+00
209,1,Issue #349 Discussion,349,true,2024-02-19 15:33:56.000000+00,2024-02-19 15:33:56.000000+00
210,1,Issue #350 Discussion,350,true,2024-02-25 10:23:52.000000+00,2024-02-25 10:23:52.000000+00
211,1,Issue #352 Discussion,352,true,2024-03-20 15:13:54.000000+00,2024-03-20 15:13:54.000000+00
212,1,Issue #353 Discussion,353,true,2024-03-28 10:51:00.000000+00,2024-03-28 10:51:00.000000+00
213,1,Issue #355 Discussion,355,true,2024-05-19 09:17:40.000000+00,2024-05-19 09:17:40.000000+00
214,1,Issue #356 Discussion,356,true,2024-06-29 15:51:51.000000+00,2024-06-29 15:51:51.000000+00
215,1,Issue #361 Discussion,361,true,2024-09-05 10:26:36.000000+00,2024-09-05 10:26:36.000000+00
216,1,Issue #363 Discussion,363,true,2024-10-12 12:02:34.000000+00,2024-10-12 12:02:34.000000+00
217,1,Issue #366 Discussion,366,true,2024-11-03 18:13:46.000000+00,2024-11-03 18:13:46.000000+00
218,1,Issue #367 Discussion,367,true,2024-11-04 09:03:42.000000+00,2024-11-04 09:03:42.000000+00
219,1,Issue #368 Discussion,368,true,2024-11-04 10:44:43.000000+00,2024-11-04 10:44:43.000000+00
220,1,Issue #369 Discussion,369,true,2024-11-07 13:39:07.000000+00,2024-11-07 13:39:07.000000+00
221,1,Issue #371 Discussion,371,true,2024-12-25 13:46:46.000000+00,2024-12-25 13:46:46.000000+00
222,1,Issue #372 Discussion,372,true,2024-12-26 16:23:51.000000+00,2024-12-26 16:23:51.000000+00
223,1,Issue #374 Discussion,374,true,2025-01-26 16:51:26.000000+00,2025-01-26 16:51:26.000000+00
224,1,Issue #375 Discussion,375,true,2025-03-03 12:39:24.000000+00,2025-03-03 12:39:24.000000+00
225,1,Issue #376 Discussion,376,true,2025-03-07 14:00:45.000000+00,2025-03-07 14:00:45.000000+00
226,1,Issue #377 Discussion,377,true,2025-03-15 11:43:41.000000+00,2025-03-15 11:43:41.000000+00
227,1,Issue #379 Discussion,379,true,2025-04-10 11:31:47.000000+00,2025-04-10 11:31:47.000000+00
228,1,Issue #380 Discussion,380,true,2025-05-06 11:52:03.000000+00,2025-05-06 11:52:03.000000+00
229,1,Issue #381 Discussion,381,true,2025-05-25 11:21:22.000000+00,2025-05-25 11:21:22.000000+00
230,1,Issue #382 Discussion,382,true,2025-05-28 14:26:06.000000+00,2025-05-28 14:26:06.000000+00
231,1,Issue #386 Discussion,386,true,2025-07-10 16:32:19.000000+00,2025-07-10 16:32:19.000000+00
232,1,Issue #388 Discussion,388,true,2025-08-06 08:06:01.000000+00,2025-08-06 08:06:01.000000+00
233,1,Issue #391 Discussion,391,true,2025-08-16 14:12:39.000000+00,2025-08-16 14:12:39.000000+00
234,1,Issue #393 Discussion,393,true,2025-10-02 13:16:00.000000+00,2025-10-02 13:16:00.000000+00
235,1,Issue #394 Discussion,394,true,2025-10-09 11:50:45.000000+00,2025-10-09 11:50:45.000000+00
236,1,Issue #397 Discussion,397,true,2025-10-18 08:33:52.000000+00,2025-10-18 08:33:52.000000+00
237,1,Issue #398 Discussion,398,true,2025-11-11 17:34:34.000000+00,2025-11-11 17:34:34.000000+00
238,1,Issue #399 Discussion,399,true,2025-12-19 16:47:49.000000+00,2025-12-19 16:47:49.000000+00
239,2,Issue #403 Discussion,403,true,2024-03-18 10:36:23.000000+00,2024-03-18 10:36:23.000000+00
240,2,Issue #406 Discussion,406,true,2024-04-23 09:16:34.000000+00,2024-04-23 09:16:34.000000+00
241,2,Issue #407 Discussion,407,true,2024-04-29 12:42:15.000000+00,2024-04-29 12:42:15.000000+00
242,2,Issue #408 Discussion,408,true,2024-05-11 18:47:46.000000+00,2024-05-11 18:47:46.000000+00
243,2,Issue #409 Discussion,409,true,2024-05-26 13:50:23.000000+00,2024-05-26 13:50:23.000000+00
244,2,Issue #412 Discussion,412,true,2024-08-21 10:10:23.000000+00,2024-08-21 10:10:23.000000+00
245,2,Issue #415 Discussion,415,true,2024-10-13 12:14:53.000000+00,2024-10-13 12:14:53.000000+00
246,2,Issue #416 Discussion,416,true,2024-10-26 12:37:04.000000+00,2024-10-26 12:37:04.000000+00
247,2,Issue #417 Discussion,417,true,2024-10-29 13:11:30.000000+00,2024-10-29 13:11:30.000000+00
248,2,Issue #418 Discussion,418,true,2024-11-11 15:57:49.000000+00,2024-11-11 15:57:49.000000+00
249,2,Issue #419 Discussion,419,true,2024-11-29 11:51:47.000000+00,2024-11-29 11:51:47.000000+00
250,2,Issue #420 Discussion,420,true,2024-12-26 11:00:45.000000+00,2024-12-26 11:00:45.000000+00
251,2,Issue #421 Discussion,421,true,2025-01-23 14:16:16.000000+00,2025-01-23 14:16:16.000000+00
252,2,Issue #422 Discussion,422,true,2025-02-07 12:23:35.000000+00,2025-02-07 12:23:35.000000+00
253,2,Issue #426 Discussion,426,true,2025-02-22 13:12:02.000000+00,2025-02-22 13:12:02.000000+00
254,2,Issue #427 Discussion,427,true,2025-02-23 11:25:22.000000+00,2025-02-23 11:25:22.000000+00
255,2,Issue #429 Discussion,429,true,2025-03-25 09:04:32.000000+00,2025-03-25 09:04:32.000000+00
256,2,Issue #431 Discussion,431,true,2025-04-27 11:22:33.000000+00,2025-04-27 11:22:33.000000+00
257,2,Issue #432 Discussion,432,true,2025-04-30 11:13:57.000000+00,2025-04-30 11:13:57.000000+00
258,2,Issue #433 Discussion,433,true,2025-05-11 10:12:53.000000+00,2025-05-11 10:12:53.000000+00
259,2,Issue #436 Discussion,436,true,2025-06-09 13:20:44.000000+00,2025-06-09 13:20:44.000000+00
260,2,Issue #438 Discussion,438,true,2025-07-14 10:36:43.000000+00,2025-07-14 10:36:43.000000+00
261,2,Issue #439 Discussion,439,true,2025-07-19 12:00:11.000000+00,2025-07-19 12:00:11.000000+00
262,2,Issue #440 Discussion,440,true,2025-07-26 13:36:03.000000+00,2025-07-26 13:36:03.000000+00
263,2,Issue #442 Discussion,442,true,2025-08-17 11:32:31.000000+00,2025-08-17 11:32:31.000000+00
264,2,Issue #443 Discussion,443,true,2025-08-19 17:26:40.000000+00,2025-08-19 17:26:40.000000+00
265,2,Issue #444 Discussion,444,true,2025-08-20 14:38:41.000000+00,2025-08-20 14:38:41.000000+00
266,2,Issue #445 Discussion,445,true,2025-09-15 10:15:42.000000+00,2025-09-15 10:15:42.000000+00
267,2,Issue #446 Discussion,446,true,2025-09-28 15:33:48.000000+00,2025-09-28 15:33:48.000000+00
268,2,Issue #449 Discussion,449,true,2025-11-22 12:14:51.000000+00,2025-11-22 12:14:51.000000+00
269,2,Issue #450 Discussion,450,true,2025-12-06 10:18:30.000000+00,2025-12-06 10:18:30.000000+00
270,2,Issue #451 Discussion,451,true,2025-12-08 15:35:23.000000+00,2025-12-08 15:35:23.000000+00
271,2,Issue #452 Discussion,452,true,2025-12-15 13:51:58.000000+00,2025-12-15 13:51:58.000000+00
272,3,Issue #457 Discussion,457,true,2024-02-07 11:44:31.000000+00,2024-02-07 11:44:31.000000+00
273,3,Issue #459 Discussion,459,true,2024-03-20 14:42:34.000000+00,2024-03-20 14:42:34.000000+00
274,3,Issue #460 Discussion,460,true,2024-03-23 13:04:02.000000+00,2024-03-23 13:04:02.000000+00
275,3,Issue #465 Discussion,465,true,2024-05-09 12:21:42.000000+00,2024-05-09 12:21:42.000000+00
276,3,Issue #466 Discussion,466,true,2024-05-26 11:34:13.000000+00,2024-05-26 11:34:13.000000+00
277,3,Issue #469 Discussion,469,true,2024-06-21 10:52:57.000000+00,2024-06-21 10:52:57.000000+00
278,3,Issue #470 Discussion,470,true,2024-07-13 16:27:26.000000+00,2024-07-13 16:27:26.000000+00
279,3,Issue #471 Discussion,471,true,2024-07-15 13:09:20.000000+00,2024-07-15 13:09:20.000000+00
280,3,Issue #472 Discussion,472,true,2024-07-27 12:08:21.000000+00,2024-07-27 12:08:21.000000+00
281,3,Issue #473 Discussion,473,true,2024-08-07 10:35:12.000000+00,2024-08-07 10:35:12.000000+00
282,3,Issue #474 Discussion,474,true,2024-09-05 17:05:07.000000+00,2024-09-05 17:05:07.000000+00
283,3,Issue #475 Discussion,475,true,2024-10-12 18:39:52.000000+00,2024-10-12 18:39:52.000000+00
284,3,Issue #476 Discussion,476,true,2024-10-19 17:59:09.000000+00,2024-10-19 17:59:09.000000+00
285,3,Issue #486 Discussion,486,true,2025-02-14 13:38:14.000000+00,2025-02-14 13:38:14.000000+00
286,3,Issue #487 Discussion,487,true,2025-02-19 10:24:31.000000+00,2025-02-19 10:24:31.000000+00
287,3,Issue #492 Discussion,492,true,2025-06-29 15:57:44.000000+00,2025-06-29 15:57:44.000000+00
288,3,Issue #494 Discussion,494,true,2025-07-11 14:46:50.000000+00,2025-07-11 14:46:50.000000+00
289,3,Issue #495 Discussion,495,true,2025-07-15 15:03:26.000000+00,2025-07-15 15:03:26.000000+00
290,3,Issue #496 Discussion,496,true,2025-08-10 12:54:31.000000+00,2025-08-10 12:54:31.000000+00
291,3,Issue #499 Discussion,499,true,2025-12-16 11:02:05.000000+00,2025-12-16 11:02:05.000000+00
292,3,Issue #500 Discussion,500,true,2025-12-22 14:17:21.000000+00,2025-12-22 14:17:21.000000+00
293,3,Issue #501 Discussion,501,true,2025-12-24 14:38:59.000000+00,2025-12-24 14:38:59.000000+00
294,3,Issue #502 Discussion,502,true,2025-12-26 12:46:40.000000+00,2025-12-26 12:46:40.000000+00
295,3,Issue #504 Discussion,504,true,2026-01-10 11:04:19.000000+00,2026-01-10 11:04:19.000000+00
296,3,Issue #507 Discussion,507,true,2024-02-11 09:29:56.000000+00,2024-02-11 09:29:56.000000+00
297,3,Issue #510 Discussion,510,true,2024-03-18 09:24:03.000000+00,2024-03-18 09:24:03.000000+00
298,3,Issue #511 Discussion,511,true,2024-03-22 14:42:51.000000+00,2024-03-22 14:42:51.000000+00
299,3,Issue #513 Discussion,513,true,2024-04-23 12:22:30.000000+00,2024-04-23 12:22:30.000000+00
300,3,Issue #514 Discussion,514,true,2024-05-02 09:35:41.000000+00,2024-05-02 09:35:41.000000+00
301,3,Issue #517 Discussion,517,true,2024-05-21 15:49:52.000000+00,2024-05-21 15:49:52.000000+00
302,3,Issue #518 Discussion,518,true,2024-05-30 13:00:48.000000+00,2024-05-30 13:00:48.000000+00
303,3,Issue #521 Discussion,521,true,2024-07-31 12:27:34.000000+00,2024-07-31 12:27:34.000000+00
304,3,Issue #522 Discussion,522,true,2024-08-22 14:08:00.000000+00,2024-08-22 14:08:00.000000+00
305,3,Issue #523 Discussion,523,true,2024-08-27 15:55:29.000000+00,2024-08-27 15:55:29.000000+00
306,3,Issue #528 Discussion,528,true,2024-10-14 10:03:42.000000+00,2024-10-14 10:03:42.000000+00
307,3,Issue #529 Discussion,529,true,2024-12-16 11:16:00.000000+00,2024-12-16 11:16:00.000000+00
308,3,Issue #532 Discussion,532,true,2024-12-29 15:48:59.000000+00,2024-12-29 15:48:59.000000+00
309,3,Issue #534 Discussion,534,true,2025-02-01 09:41:37.000000+00,2025-02-01 09:41:37.000000+00
310,3,Issue #535 Discussion,535,true,2025-02-08 15:00:26.000000+00,2025-02-08 15:00:26.000000+00
311,3,Issue #536 Discussion,536,true,2025-02-23 09:38:42.000000+00,2025-02-23 09:38:42.000000+00
312,3,Issue #538 Discussion,538,true,2025-03-11 14:49:20.000000+00,2025-03-11 14:49:20.000000+00
313,3,Issue #541 Discussion,541,true,2025-06-16 17:42:24.000000+00,2025-06-16 17:42:24.000000+00
314,3,Issue #542 Discussion,542,true,2025-08-08 14:51:50.000000+00,2025-08-08 14:51:50.000000+00
315,3,Issue #543 Discussion,543,true,2025-08-17 13:41:05.000000+00,2025-08-17 13:41:05.000000+00
316,3,Issue #545 Discussion,545,true,2025-09-11 13:31:24.000000+00,2025-09-11 13:31:24.000000+00
317,3,Issue #546 Discussion,546,true,2025-09-13 12:13:51.000000+00,2025-09-13 12:13:51.000000+00
318,3,Issue #547 Discussion,547,true,2025-09-14 16:39:02.000000+00,2025-09-14 16:39:02.000000+00
319,3,Issue #550 Discussion,550,true,2025-10-07 12:44:23.000000+00,2025-10-07 12:44:23.000000+00
320,3,Issue #551 Discussion,551,true,2025-10-16 08:31:05.000000+00,2025-10-16 08:31:05.000000+00
321,3,Issue #555 Discussion,555,true,2025-11-22 11:51:56.000000+00,2025-11-22 11:51:56.000000+00
322,3,Issue #558 Discussion,558,true,2024-02-13 14:13:08.000000+00,2024-02-13 14:13:08.000000+00
323,3,Issue #560 Discussion,560,true,2024-03-18 12:44:21.000000+00,2024-03-18 12:44:21.000000+00
324,3,Issue #563 Discussion,563,true,2024-04-23 11:57:17.000000+00,2024-04-23 11:57:17.000000+00
325,3,Issue #564 Discussion,564,true,2024-04-29 12:34:43.000000+00,2024-04-29 12:34:43.000000+00
326,3,Issue #565 Discussion,565,true,2024-05-02 10:04:06.000000+00,2024-05-02 10:04:06.000000+00
327,3,Issue #570 Discussion,570,true,2024-07-13 10:16:23.000000+00,2024-07-13 10:16:23.000000+00
328,3,Issue #571 Discussion,571,true,2024-08-05 08:59:31.000000+00,2024-08-05 08:59:31.000000+00
329,3,Issue #574 Discussion,574,true,2024-10-15 16:43:42.000000+00,2024-10-15 16:43:42.000000+00
330,3,Issue #576 Discussion,576,true,2024-12-12 12:28:18.000000+00,2024-12-12 12:28:18.000000+00
331,3,Issue #577 Discussion,577,true,2024-12-14 18:33:21.000000+00,2024-12-14 18:33:21.000000+00
332,3,Issue #578 Discussion,578,true,2024-12-23 15:08:12.000000+00,2024-12-23 15:08:12.000000+00
333,3,Issue #580 Discussion,580,true,2025-01-02 08:48:17.000000+00,2025-01-02 08:48:17.000000+00
334,3,Issue #581 Discussion,581,true,2025-01-06 12:46:36.000000+00,2025-01-06 12:46:36.000000+00
335,3,Issue #584 Discussion,584,true,2025-03-21 13:23:49.000000+00,2025-03-21 13:23:49.000000+00
336,3,Issue #585 Discussion,585,true,2025-03-21 16:39:44.000000+00,2025-03-21 16:39:44.000000+00
337,3,Issue #586 Discussion,586,true,2025-03-30 10:28:56.000000+00,2025-03-30 10:28:56.000000+00
338,3,Issue #587 Discussion,587,true,2025-04-05 14:19:08.000000+00,2025-04-05 14:19:08.000000+00
339,3,Issue #588 Discussion,588,true,2025-04-20 09:50:42.000000+00,2025-04-20 09:50:42.000000+00
340,3,Issue #591 Discussion,591,true,2025-06-23 18:06:59.000000+00,2025-06-23 18:06:59.000000+00
341,3,Issue #592 Discussion,592,true,2025-06-30 12:13:32.000000+00,2025-06-30 12:13:32.000000+00
342,3,Issue #593 Discussion,593,true,2025-07-05 14:35:46.000000+00,2025-07-05 14:35:46.000000+00
343,3,Issue #595 Discussion,595,true,2025-08-13 12:42:43.000000+00,2025-08-13 12:42:43.000000+00
344,3,Issue #596 Discussion,596,true,2025-09-17 10:54:25.000000+00,2025-09-17 10:54:25.000000+00
345,3,Issue #597 Discussion,597,true,2025-09-27 17:22:30.000000+00,2025-09-27 17:22:30.000000+00
346,3,Issue #598 Discussion,598,true,2025-09-30 17:01:06.000000+00,2025-09-30 17:01:06.000000+00
347,3,Issue #599 Discussion,599,true,2025-10-01 13:48:04.000000+00,2025-10-01 13:48:04.000000+00
348,3,Issue #600 Discussion,600,true,2025-10-11 13:01:48.000000+00,2025-10-11 13:01:48.000000+00
349,3,Issue #603 Discussion,603,true,2025-10-27 09:37:02.000000+00,2025-10-27 09:37:02.000000+00
350,3,Issue #604 Discussion,604,true,2025-11-22 11:22:03.000000+00,2025-11-22 11:22:03.000000+00
351,3,Issue #606 Discussion,606,true,2025-12-27 12:44:43.000000+00,2025-12-27 12:44:43.000000+00
352,3,Issue #607 Discussion,607,true,2025-12-30 12:54:50.000000+00,2025-12-30 12:54:50.000000+00
353,3,Issue #608 Discussion,608,true,2026-01-10 14:37:06.000000+00,2026-01-10 14:37:06.000000+00
354,1,Issue #609 Discussion,609,true,2024-02-27 08:51:52.000000+00,2024-02-27 08:51:52.000000+00
355,1,Issue #614 Discussion,614,true,2024-07-05 13:44:07.000000+00,2024-07-05 13:44:07.000000+00
356,1,Issue #616 Discussion,616,true,2024-07-08 11:51:43.000000+00,2024-07-08 11:51:43.000000+00
357,1,Issue #617 Discussion,617,true,2024-07-16 15:19:13.000000+00,2024-07-16 15:19:13.000000+00
358,1,Issue #619 Discussion,619,true,2024-07-28 15:47:20.000000+00,2024-07-28 15:47:20.000000+00
359,1,Issue #620 Discussion,620,true,2024-08-11 11:36:05.000000+00,2024-08-11 11:36:05.000000+00
360,1,Issue #621 Discussion,621,true,2024-08-20 10:11:43.000000+00,2024-08-20 10:11:43.000000+00
361,1,Issue #623 Discussion,623,true,2024-11-09 12:16:09.000000+00,2024-11-09 12:16:09.000000+00
362,1,Issue #628 Discussion,628,true,2025-01-25 12:25:42.000000+00,2025-01-25 12:25:42.000000+00
363,1,Issue #630 Discussion,630,true,2025-02-17 15:59:16.000000+00,2025-02-17 15:59:16.000000+00
364,1,Issue #631 Discussion,631,true,2025-04-17 11:02:30.000000+00,2025-04-17 11:02:30.000000+00
365,1,Issue #632 Discussion,632,true,2025-04-21 14:09:07.000000+00,2025-04-21 14:09:07.000000+00
366,1,Issue #633 Discussion,633,true,2025-04-24 13:36:11.000000+00,2025-04-24 13:36:11.000000+00
367,1,Issue #634 Discussion,634,true,2025-05-11 12:37:59.000000+00,2025-05-11 12:37:59.000000+00
368,1,Issue #636 Discussion,636,true,2025-05-19 17:24:05.000000+00,2025-05-19 17:24:05.000000+00
369,1,Issue #637 Discussion,637,true,2025-05-30 11:48:41.000000+00,2025-05-30 11:48:41.000000+00
370,1,Issue #638 Discussion,638,true,2025-06-28 12:12:31.000000+00,2025-06-28 12:12:31.000000+00
371,1,Issue #639 Discussion,639,true,2025-07-12 12:27:05.000000+00,2025-07-12 12:27:05.000000+00
372,1,Issue #640 Discussion,640,true,2025-07-26 14:05:18.000000+00,2025-07-26 14:05:18.000000+00
373,1,Issue #641 Discussion,641,true,2025-08-27 11:27:18.000000+00,2025-08-27 11:27:18.000000+00
374,1,Issue #642 Discussion,642,true,2025-09-07 15:22:16.000000+00,2025-09-07 15:22:16.000000+00
375,1,Issue #643 Discussion,643,true,2025-09-07 12:45:19.000000+00,2025-09-07 12:45:19.000000+00
376,1,Issue #644 Discussion,644,true,2025-09-22 18:16:55.000000+00,2025-09-22 18:16:55.000000+00
377,1,Issue #646 Discussion,646,true,2025-09-28 10:12:07.000000+00,2025-09-28 10:12:07.000000+00
378,1,Issue #647 Discussion,647,true,2025-10-03 15:12:05.000000+00,2025-10-03 15:12:05.000000+00
379,1,Issue #648 Discussion,648,true,2025-10-19 12:01:55.000000+00,2025-10-19 12:01:55.000000+00
380,1,Issue #650 Discussion,650,true,2025-11-10 12:20:35.000000+00,2025-11-10 12:20:35.000000+00
381,1,Issue #651 Discussion,651,true,2025-11-27 11:12:30.000000+00,2025-11-27 11:12:30.000000+00
382,1,Issue #652 Discussion,652,true,2025-11-29 14:26:53.000000+00,2025-11-29 14:26:53.000000+00
383,2,Issue #653 Discussion,653,true,2024-01-28 14:21:52.000000+00,2024-01-28 14:21:52.000000+00
384,2,Issue #655 Discussion,655,true,2024-02-14 12:58:26.000000+00,2024-02-14 12:58:26.000000+00
385,2,Issue #656 Discussion,656,true,2024-02-18 18:10:27.000000+00,2024-02-18 18:10:27.000000+00
386,2,Issue #657 Discussion,657,true,2024-02-18 14:55:19.000000+00,2024-02-18 14:55:19.000000+00
387,2,Issue #658 Discussion,658,true,2024-03-01 13:28:44.000000+00,2024-03-01 13:28:44.000000+00
388,2,Issue #659 Discussion,659,true,2024-03-27 16:33:34.000000+00,2024-03-27 16:33:34.000000+00
389,2,Issue #660 Discussion,660,true,2024-03-28 13:15:53.000000+00,2024-03-28 13:15:53.000000+00
390,2,Issue #662 Discussion,662,true,2024-04-01 13:08:45.000000+00,2024-04-01 13:08:45.000000+00
391,2,Issue #663 Discussion,663,true,2024-04-04 12:26:05.000000+00,2024-04-04 12:26:05.000000+00
392,2,Issue #664 Discussion,664,true,2024-04-12 13:49:25.000000+00,2024-04-12 13:49:25.000000+00
393,2,Issue #666 Discussion,666,true,2024-05-08 17:38:54.000000+00,2024-05-08 17:38:54.000000+00
394,2,Issue #667 Discussion,667,true,2024-05-09 11:31:01.000000+00,2024-05-09 11:31:01.000000+00
395,2,Issue #669 Discussion,669,true,2024-06-15 13:48:08.000000+00,2024-06-15 13:48:08.000000+00
396,2,Issue #670 Discussion,670,true,2024-06-26 13:24:14.000000+00,2024-06-26 13:24:14.000000+00
397,2,Issue #673 Discussion,673,true,2024-08-15 12:02:31.000000+00,2024-08-15 12:02:31.000000+00
398,2,Issue #674 Discussion,674,true,2024-08-23 09:10:18.000000+00,2024-08-23 09:10:18.000000+00
399,2,Issue #675 Discussion,675,true,2024-09-19 10:45:03.000000+00,2024-09-19 10:45:03.000000+00
400,2,Issue #676 Discussion,676,true,2024-09-30 11:38:37.000000+00,2024-09-30 11:38:37.000000+00
401,2,Issue #677 Discussion,677,true,2024-10-01 12:14:58.000000+00,2024-10-01 12:14:58.000000+00
402,2,Issue #678 Discussion,678,true,2024-11-13 12:50:09.000000+00,2024-11-13 12:50:09.000000+00
403,2,Issue #682 Discussion,682,true,2024-12-13 14:20:21.000000+00,2024-12-13 14:20:21.000000+00
404,2,Issue #685 Discussion,685,true,2025-04-01 08:17:43.000000+00,2025-04-01 08:17:43.000000+00
405,2,Issue #687 Discussion,687,true,2025-04-09 13:42:47.000000+00,2025-04-09 13:42:47.000000+00
406,2,Issue #688 Discussion,688,true,2025-04-18 11:54:43.000000+00,2025-04-18 11:54:43.000000+00
407,2,Issue #689 Discussion,689,true,2025-05-17 11:43:33.000000+00,2025-05-17 11:43:33.000000+00
408,2,Issue #690 Discussion,690,true,2025-06-01 11:25:12.000000+00,2025-06-01 11:25:12.000000+00
409,2,Issue #691 Discussion,691,true,2025-06-13 13:06:01.000000+00,2025-06-13 13:06:01.000000+00
410,2,Issue #692 Discussion,692,true,2025-07-02 15:52:21.000000+00,2025-07-02 15:52:21.000000+00
411,2,Issue #693 Discussion,693,true,2025-08-07 09:02:24.000000+00,2025-08-07 09:02:24.000000+00
412,2,Issue #694 Discussion,694,true,2025-09-07 13:18:54.000000+00,2025-09-07 13:18:54.000000+00
413,2,Issue #695 Discussion,695,true,2025-09-10 16:39:06.000000+00,2025-09-10 16:39:06.000000+00
414,2,Issue #696 Discussion,696,true,2025-09-20 15:12:57.000000+00,2025-09-20 15:12:57.000000+00
415,2,Issue #698 Discussion,698,true,2025-10-16 18:33:37.000000+00,2025-10-16 18:33:37.000000+00
416,2,Issue #699 Discussion,699,true,2025-10-19 10:04:21.000000+00,2025-10-19 10:04:21.000000+00
417,2,Issue #700 Discussion,700,true,2025-10-28 10:29:56.000000+00,2025-10-28 10:29:56.000000+00
418,2,Issue #701 Discussion,701,true,2025-11-10 17:21:51.000000+00,2025-11-10 17:21:51.000000+00
419,2,Issue #702 Discussion,702,true,2025-11-21 11:12:40.000000+00,2025-11-21 11:12:40.000000+00
420,2,Issue #704 Discussion,704,true,2026-01-09 10:59:13.000000+00,2026-01-09 10:59:13.000000+00
421,3,Issue #705 Discussion,705,true,2024-02-10 16:25:13.000000+00,2024-02-10 16:25:13.000000+00
422,3,Issue #706 Discussion,706,true,2024-02-17 11:02:29.000000+00,2024-02-17 11:02:29.000000+00
423,3,Issue #707 Discussion,707,true,2024-02-22 10:14:16.000000+00,2024-02-22 10:14:16.000000+00
424,3,Issue #708 Discussion,708,true,2024-03-02 13:21:12.000000+00,2024-03-02 13:21:12.000000+00
425,3,Issue #710 Discussion,710,true,2024-04-29 15:09:55.000000+00,2024-04-29 15:09:55.000000+00
426,3,Issue #711 Discussion,711,true,2024-06-01 14:29:21.000000+00,2024-06-01 14:29:21.000000+00
427,3,Issue #712 Discussion,712,true,2024-06-02 10:55:08.000000+00,2024-06-02 10:55:08.000000+00
428,3,Issue #714 Discussion,714,true,2024-06-15 17:36:55.000000+00,2024-06-15 17:36:55.000000+00
429,3,Issue #715 Discussion,715,true,2024-06-23 12:57:19.000000+00,2024-06-23 12:57:19.000000+00
430,3,Issue #716 Discussion,716,true,2024-07-11 17:18:13.000000+00,2024-07-11 17:18:13.000000+00
431,3,Issue #718 Discussion,718,true,2024-09-05 10:36:19.000000+00,2024-09-05 10:36:19.000000+00
432,3,Issue #719 Discussion,719,true,2024-09-10 13:58:36.000000+00,2024-09-10 13:58:36.000000+00
433,3,Issue #720 Discussion,720,true,2024-10-13 15:25:39.000000+00,2024-10-13 15:25:39.000000+00
434,3,Issue #721 Discussion,721,true,2024-10-14 12:02:15.000000+00,2024-10-14 12:02:15.000000+00
435,3,Issue #723 Discussion,723,true,2024-11-02 14:47:29.000000+00,2024-11-02 14:47:29.000000+00
436,3,Issue #724 Discussion,724,true,2024-12-18 14:29:31.000000+00,2024-12-18 14:29:31.000000+00
437,3,Issue #726 Discussion,726,true,2025-01-10 11:13:45.000000+00,2025-01-10 11:13:45.000000+00
438,3,Issue #727 Discussion,727,true,2025-01-12 09:00:03.000000+00,2025-01-12 09:00:03.000000+00
439,3,Issue #728 Discussion,728,true,2025-01-20 11:12:43.000000+00,2025-01-20 11:12:43.000000+00
440,3,Issue #730 Discussion,730,true,2025-02-08 14:00:24.000000+00,2025-02-08 14:00:24.000000+00
441,3,Issue #731 Discussion,731,true,2025-03-16 12:06:45.000000+00,2025-03-16 12:06:45.000000+00
442,3,Issue #734 Discussion,734,true,2025-04-29 10:13:41.000000+00,2025-04-29 10:13:41.000000+00
443,3,Issue #735 Discussion,735,true,2025-05-13 14:18:48.000000+00,2025-05-13 14:18:48.000000+00
444,3,Issue #736 Discussion,736,true,2025-06-04 14:46:14.000000+00,2025-06-04 14:46:14.000000+00
445,3,Issue #738 Discussion,738,true,2025-07-16 11:11:38.000000+00,2025-07-16 11:11:38.000000+00
446,3,Issue #740 Discussion,740,true,2025-08-17 13:09:35.000000+00,2025-08-17 13:09:35.000000+00
447,3,Issue #741 Discussion,741,true,2025-08-17 10:30:12.000000+00,2025-08-17 10:30:12.000000+00
448,3,Issue #742 Discussion,742,true,2025-09-27 12:31:19.000000+00,2025-09-27 12:31:19.000000+00
449,3,Issue #743 Discussion,743,true,2025-10-13 15:48:46.000000+00,2025-10-13 15:48:46.000000+00
450,3,Issue #746 Discussion,746,true,2025-11-19 12:44:19.000000+00,2025-11-19 12:44:19.000000+00
451,1,Issue #750 Discussion,750,true,2024-01-20 16:32:26.000000+00,2024-01-20 16:32:26.000000+00
452,1,Issue #752 Discussion,752,true,2024-02-27 16:50:54.000000+00,2024-02-27 16:50:54.000000+00
453,1,Issue #753 Discussion,753,true,2024-02-28 10:42:34.000000+00,2024-02-28 10:42:34.000000+00
454,1,Issue #755 Discussion,755,true,2024-03-28 16:59:36.000000+00,2024-03-28 16:59:36.000000+00
455,1,Issue #759 Discussion,759,true,2024-07-22 18:07:17.000000+00,2024-07-22 18:07:17.000000+00
456,1,Issue #760 Discussion,760,true,2024-08-04 10:45:13.000000+00,2024-08-04 10:45:13.000000+00
457,1,Issue #761 Discussion,761,true,2024-08-15 16:01:35.000000+00,2024-08-15 16:01:35.000000+00
458,1,Issue #765 Discussion,765,true,2024-09-30 11:27:09.000000+00,2024-09-30 11:27:09.000000+00
459,1,Issue #767 Discussion,767,true,2024-10-16 10:07:31.000000+00,2024-10-16 10:07:31.000000+00
460,1,Issue #768 Discussion,768,true,2024-10-17 12:41:44.000000+00,2024-10-17 12:41:44.000000+00
461,1,Issue #770 Discussion,770,true,2024-11-23 10:35:28.000000+00,2024-11-23 10:35:28.000000+00
462,1,Issue #771 Discussion,771,true,2024-12-25 18:32:19.000000+00,2024-12-25 18:32:19.000000+00
463,1,Issue #772 Discussion,772,true,2024-12-28 15:42:34.000000+00,2024-12-28 15:42:34.000000+00
464,1,Issue #773 Discussion,773,true,2025-01-30 09:02:12.000000+00,2025-01-30 09:02:12.000000+00
465,1,Issue #774 Discussion,774,true,2025-03-15 13:16:24.000000+00,2025-03-15 13:16:24.000000+00
466,1,Issue #775 Discussion,775,true,2025-03-17 18:44:41.000000+00,2025-03-17 18:44:41.000000+00
467,1,Issue #776 Discussion,776,true,2025-03-30 12:38:15.000000+00,2025-03-30 12:38:15.000000+00
468,1,Issue #781 Discussion,781,true,2025-07-16 12:17:27.000000+00,2025-07-16 12:17:27.000000+00
469,1,Issue #782 Discussion,782,true,2025-07-22 09:15:05.000000+00,2025-07-22 09:15:05.000000+00
470,1,Issue #784 Discussion,784,true,2025-09-02 17:52:56.000000+00,2025-09-02 17:52:56.000000+00
471,1,Issue #785 Discussion,785,true,2025-10-09 17:27:31.000000+00,2025-10-09 17:27:31.000000+00
472,1,Issue #787 Discussion,787,true,2025-11-03 13:57:02.000000+00,2025-11-03 13:57:02.000000+00
473,1,Issue #788 Discussion,788,true,2025-11-25 16:11:25.000000+00,2025-11-25 16:11:25.000000+00
474,1,Issue #789 Discussion,789,true,2025-12-01 10:42:16.000000+00,2025-12-01 10:42:16.000000+00
475,1,Issue #790 Discussion,790,true,2026-01-04 16:10:08.000000+00,2026-01-04 16:10:08.000000+00
476,1,Issue #794 Discussion,794,true,2024-02-21 14:20:13.000000+00,2024-02-21 14:20:13.000000+00
477,1,Issue #798 Discussion,798,true,2024-05-26 16:54:54.000000+00,2024-05-26 16:54:54.000000+00
478,1,Issue #799 Discussion,799,true,2024-06-07 15:10:38.000000+00,2024-06-07 15:10:38.000000+00
479,1,Issue #800 Discussion,800,true,2024-06-30 13:04:10.000000+00,2024-06-30 13:04:10.000000+00
480,1,Issue #801 Discussion,801,true,2024-07-01 13:00:56.000000+00,2024-07-01 13:00:56.000000+00
481,1,Issue #803 Discussion,803,true,2024-07-13 15:34:07.000000+00,2024-07-13 15:34:07.000000+00
482,1,Issue #804 Discussion,804,true,2024-07-13 13:20:03.000000+00,2024-07-13 13:20:03.000000+00
483,1,Issue #806 Discussion,806,true,2024-08-13 13:51:54.000000+00,2024-08-13 13:51:54.000000+00
484,1,Issue #807 Discussion,807,true,2024-08-25 10:55:11.000000+00,2024-08-25 10:55:11.000000+00
485,1,Issue #812 Discussion,812,true,2024-11-27 13:53:26.000000+00,2024-11-27 13:53:26.000000+00
486,1,Issue #813 Discussion,813,true,2024-12-29 14:43:56.000000+00,2024-12-29 14:43:56.000000+00
487,1,Issue #814 Discussion,814,true,2025-01-03 10:59:59.000000+00,2025-01-03 10:59:59.000000+00
488,1,Issue #815 Discussion,815,true,2025-01-15 11:52:18.000000+00,2025-01-15 11:52:18.000000+00
489,1,Issue #816 Discussion,816,true,2025-01-21 15:09:20.000000+00,2025-01-21 15:09:20.000000+00
490,1,Issue #817 Discussion,817,true,2025-01-22 09:08:11.000000+00,2025-01-22 09:08:11.000000+00
491,1,Issue #819 Discussion,819,true,2025-04-09 15:14:44.000000+00,2025-04-09 15:14:44.000000+00
492,1,Issue #821 Discussion,821,true,2025-04-22 17:45:09.000000+00,2025-04-22 17:45:09.000000+00
493,1,Issue #823 Discussion,823,true,2025-06-09 11:26:46.000000+00,2025-06-09 11:26:46.000000+00
494,1,Issue #824 Discussion,824,true,2025-06-13 15:43:56.000000+00,2025-06-13 15:43:56.000000+00
495,1,Issue #826 Discussion,826,true,2025-07-23 15:10:03.000000+00,2025-07-23 15:10:03.000000+00
496,1,Issue #827 Discussion,827,true,2025-07-27 11:10:34.000000+00,2025-07-27 11:10:34.000000+00
497,1,Issue #828 Discussion,828,true,2025-07-28 13:02:36.000000+00,2025-07-28 13:02:36.000000+00
498,1,Issue #830 Discussion,830,true,2025-09-05 10:37:50.000000+00,2025-09-05 10:37:50.000000+00
499,1,Issue #831 Discussion,831,true,2025-10-06 10:43:41.000000+00,2025-10-06 10:43:41.000000+00
500,1,Issue #833 Discussion,833,true,2025-12-27 15:19:35.000000+00,2025-12-27 15:19:35.000000+00
501,1,Issue #834 Discussion,834,true,2026-01-06 11:05:04.000000+00,2026-01-06 11:05:04.000000+00
502,1,Issue #835 Discussion,835,true,2026-01-08 12:23:54.000000+00,2026-01-08 12:23:54.000000+00
503,1,Issue #837 Discussion,837,true,2024-01-20 11:27:30.000000+00,2024-01-20 11:27:30.000000+00
504,1,Issue #838 Discussion,838,true,2024-02-06 11:05:19.000000+00,2024-02-06 11:05:19.000000+00
505,1,Issue #839 Discussion,839,true,2024-02-11 16:21:48.000000+00,2024-02-11 16:21:48.000000+00
506,1,Issue #840 Discussion,840,true,2024-03-08 17:36:24.000000+00,2024-03-08 17:36:24.000000+00
507,1,Issue #843 Discussion,843,true,2024-05-07 08:52:23.000000+00,2024-05-07 08:52:23.000000+00
508,1,Issue #844 Discussion,844,true,2024-05-09 15:27:33.000000+00,2024-05-09 15:27:33.000000+00
509,1,Issue #845 Discussion,845,true,2024-06-08 12:54:42.000000+00,2024-06-08 12:54:42.000000+00
510,1,Issue #846 Discussion,846,true,2024-08-05 12:31:47.000000+00,2024-08-05 12:31:47.000000+00
511,1,Issue #849 Discussion,849,true,2024-09-04 10:23:53.000000+00,2024-09-04 10:23:53.000000+00
512,1,Issue #850 Discussion,850,true,2024-09-10 15:51:59.000000+00,2024-09-10 15:51:59.000000+00
513,1,Issue #852 Discussion,852,true,2024-10-24 12:40:49.000000+00,2024-10-24 12:40:49.000000+00
514,1,Issue #853 Discussion,853,true,2024-11-01 15:11:15.000000+00,2024-11-01 15:11:15.000000+00
515,1,Issue #854 Discussion,854,true,2024-12-17 13:40:37.000000+00,2024-12-17 13:40:37.000000+00
516,1,Issue #856 Discussion,856,true,2024-12-20 12:20:40.000000+00,2024-12-20 12:20:40.000000+00
517,1,Issue #860 Discussion,860,true,2025-03-28 16:45:17.000000+00,2025-03-28 16:45:17.000000+00
518,1,Issue #863 Discussion,863,true,2025-06-10 14:23:09.000000+00,2025-06-10 14:23:09.000000+00
519,1,Issue #865 Discussion,865,true,2025-07-28 15:12:12.000000+00,2025-07-28 15:12:12.000000+00
520,1,Issue #866 Discussion,866,true,2025-09-05 12:36:01.000000+00,2025-09-05 12:36:01.000000+00
521,1,Issue #867 Discussion,867,true,2025-09-28 09:41:01.000000+00,2025-09-28 09:41:01.000000+00
522,1,Issue #868 Discussion,868,true,2025-11-02 13:20:31.000000+00,2025-11-02 13:20:31.000000+00
523,1,Issue #869 Discussion,869,true,2025-11-14 11:52:00.000000+00,2025-11-14 11:52:00.000000+00
524,1,Issue #872 Discussion,872,true,2026-01-11 18:26:40.000000+00,2026-01-11 18:26:40.000000+00
525,1,Issue #873 Discussion,873,true,2024-01-24 10:19:55.000000+00,2024-01-24 10:19:55.000000+00
526,1,Issue #875 Discussion,875,true,2024-03-11 11:06:03.000000+00,2024-03-11 11:06:03.000000+00
527,1,Issue #876 Discussion,876,true,2024-03-15 12:43:03.000000+00,2024-03-15 12:43:03.000000+00
528,1,Issue #877 Discussion,877,true,2024-03-31 16:44:45.000000+00,2024-03-31 16:44:45.000000+00
529,1,Issue #878 Discussion,878,true,2024-05-06 13:46:00.000000+00,2024-05-06 13:46:00.000000+00
530,1,Issue #880 Discussion,880,true,2024-05-31 13:31:55.000000+00,2024-05-31 13:31:55.000000+00
531,1,Issue #882 Discussion,882,true,2024-06-15 11:21:57.000000+00,2024-06-15 11:21:57.000000+00
532,1,Issue #884 Discussion,884,true,2024-06-22 14:57:58.000000+00,2024-06-22 14:57:58.000000+00
533,1,Issue #888 Discussion,888,true,2024-08-18 12:49:35.000000+00,2024-08-18 12:49:35.000000+00
534,1,Issue #890 Discussion,890,true,2024-10-06 16:51:37.000000+00,2024-10-06 16:51:37.000000+00
535,1,Issue #891 Discussion,891,true,2024-12-11 12:11:24.000000+00,2024-12-11 12:11:24.000000+00
536,1,Issue #892 Discussion,892,true,2025-01-17 12:26:29.000000+00,2025-01-17 12:26:29.000000+00
537,1,Issue #894 Discussion,894,true,2025-02-03 13:53:03.000000+00,2025-02-03 13:53:03.000000+00
538,1,Issue #897 Discussion,897,true,2025-05-10 09:13:06.000000+00,2025-05-10 09:13:06.000000+00
539,1,Issue #899 Discussion,899,true,2025-07-04 14:34:12.000000+00,2025-07-04 14:34:12.000000+00
540,1,Issue #900 Discussion,900,true,2025-07-23 15:29:26.000000+00,2025-07-23 15:29:26.000000+00
541,1,Issue #902 Discussion,902,true,2025-09-03 16:32:13.000000+00,2025-09-03 16:32:13.000000+00
542,1,Issue #903 Discussion,903,true,2025-10-02 10:50:48.000000+00,2025-10-02 10:50:48.000000+00
543,1,Issue #904 Discussion,904,true,2025-10-09 14:32:49.000000+00,2025-10-09 14:32:49.000000+00
544,1,Issue #905 Discussion,905,true,2025-10-13 10:06:42.000000+00,2025-10-13 10:06:42.000000+00
545,1,Issue #907 Discussion,907,true,2025-12-24 14:24:08.000000+00,2025-12-24 14:24:08.000000+00
546,1,Issue #908 Discussion,908,true,2025-12-26 15:05:37.000000+00,2025-12-26 15:05:37.000000+00
547,2,Issue #909 Discussion,909,true,2024-01-31 08:26:16.000000+00,2024-01-31 08:26:16.000000+00
548,2,Issue #911 Discussion,911,true,2024-03-28 08:32:14.000000+00,2024-03-28 08:32:14.000000+00
549,2,Issue #912 Discussion,912,true,2024-04-16 14:47:01.000000+00,2024-04-16 14:47:01.000000+00
550,2,Issue #913 Discussion,913,true,2024-05-09 10:39:57.000000+00,2024-05-09 10:39:57.000000+00
551,2,Issue #914 Discussion,914,true,2024-06-01 15:51:50.000000+00,2024-06-01 15:51:50.000000+00
552,2,Issue #916 Discussion,916,true,2024-07-09 12:47:52.000000+00,2024-07-09 12:47:52.000000+00
553,2,Issue #917 Discussion,917,true,2024-08-12 09:22:57.000000+00,2024-08-12 09:22:57.000000+00
554,2,Issue #919 Discussion,919,true,2024-08-29 13:19:52.000000+00,2024-08-29 13:19:52.000000+00
555,2,Issue #920 Discussion,920,true,2024-09-19 10:11:42.000000+00,2024-09-19 10:11:42.000000+00
556,2,Issue #923 Discussion,923,true,2024-10-26 11:58:00.000000+00,2024-10-26 11:58:00.000000+00
557,2,Issue #924 Discussion,924,true,2024-11-30 11:16:50.000000+00,2024-11-30 11:16:50.000000+00
558,2,Issue #926 Discussion,926,true,2025-01-14 11:50:17.000000+00,2025-01-14 11:50:17.000000+00
559,2,Issue #927 Discussion,927,true,2025-01-26 10:32:55.000000+00,2025-01-26 10:32:55.000000+00
560,2,Issue #928 Discussion,928,true,2025-01-26 16:34:45.000000+00,2025-01-26 16:34:45.000000+00
561,2,Issue #929 Discussion,929,true,2025-02-03 13:53:52.000000+00,2025-02-03 13:53:52.000000+00
562,2,Issue #931 Discussion,931,true,2025-02-12 11:45:49.000000+00,2025-02-12 11:45:49.000000+00
563,2,Issue #932 Discussion,932,true,2025-02-16 17:59:14.000000+00,2025-02-16 17:59:14.000000+00
564,2,Issue #933 Discussion,933,true,2025-03-05 13:58:15.000000+00,2025-03-05 13:58:15.000000+00
565,2,Issue #936 Discussion,936,true,2025-04-10 15:57:11.000000+00,2025-04-10 15:57:11.000000+00
566,2,Issue #938 Discussion,938,true,2025-05-05 16:57:21.000000+00,2025-05-05 16:57:21.000000+00
567,2,Issue #940 Discussion,940,true,2025-06-29 14:24:20.000000+00,2025-06-29 14:24:20.000000+00
568,2,Issue #941 Discussion,941,true,2025-08-22 13:32:54.000000+00,2025-08-22 13:32:54.000000+00
569,2,Issue #942 Discussion,942,true,2025-09-05 16:20:06.000000+00,2025-09-05 16:20:06.000000+00
570,2,Issue #943 Discussion,943,true,2025-09-10 18:48:06.000000+00,2025-09-10 18:48:06.000000+00
571,2,Issue #944 Discussion,944,true,2025-09-10 13:12:00.000000+00,2025-09-10 13:12:00.000000+00
572,2,Issue #945 Discussion,945,true,2025-09-28 10:45:58.000000+00,2025-09-28 10:45:58.000000+00
573,2,Issue #946 Discussion,946,true,2025-10-12 10:22:51.000000+00,2025-10-12 10:22:51.000000+00
574,2,Issue #947 Discussion,947,true,2025-10-14 15:45:44.000000+00,2025-10-14 15:45:44.000000+00
575,2,Issue #948 Discussion,948,true,2025-10-27 08:40:40.000000+00,2025-10-27 08:40:40.000000+00
576,2,Issue #949 Discussion,949,true,2025-11-01 14:18:08.000000+00,2025-11-01 14:18:08.000000+00
577,2,Issue #951 Discussion,951,true,2025-12-14 16:56:18.000000+00,2025-12-14 16:56:18.000000+00
578,2,Issue #953 Discussion,953,true,2024-01-30 13:10:53.000000+00,2024-01-30 13:10:53.000000+00
579,2,Issue #954 Discussion,954,true,2024-02-05 08:54:01.000000+00,2024-02-05 08:54:01.000000+00
580,2,Issue #955 Discussion,955,true,2024-02-17 14:02:17.000000+00,2024-02-17 14:02:17.000000+00
581,2,Issue #959 Discussion,959,true,2024-04-04 12:14:28.000000+00,2024-04-04 12:14:28.000000+00
582,2,Issue #960 Discussion,960,true,2024-04-17 17:37:15.000000+00,2024-04-17 17:37:15.000000+00
583,2,Issue #961 Discussion,961,true,2024-04-18 12:47:21.000000+00,2024-04-18 12:47:21.000000+00
584,2,Issue #962 Discussion,962,true,2024-06-16 13:20:41.000000+00,2024-06-16 13:20:41.000000+00
585,2,Issue #963 Discussion,963,true,2024-06-20 10:47:07.000000+00,2024-06-20 10:47:07.000000+00
586,2,Issue #964 Discussion,964,true,2024-06-22 10:55:35.000000+00,2024-06-22 10:55:35.000000+00
587,2,Issue #965 Discussion,965,true,2024-06-24 14:09:18.000000+00,2024-06-24 14:09:18.000000+00
588,2,Issue #966 Discussion,966,true,2024-07-23 14:54:59.000000+00,2024-07-23 14:54:59.000000+00
589,2,Issue #967 Discussion,967,true,2024-07-28 14:12:44.000000+00,2024-07-28 14:12:44.000000+00
590,2,Issue #968 Discussion,968,true,2024-09-06 16:22:40.000000+00,2024-09-06 16:22:40.000000+00
591,2,Issue #969 Discussion,969,true,2024-09-14 14:12:04.000000+00,2024-09-14 14:12:04.000000+00
592,2,Issue #971 Discussion,971,true,2024-10-17 09:51:39.000000+00,2024-10-17 09:51:39.000000+00
593,2,Issue #972 Discussion,972,true,2024-10-31 12:30:20.000000+00,2024-10-31 12:30:20.000000+00
594,2,Issue #973 Discussion,973,true,2024-11-08 11:05:56.000000+00,2024-11-08 11:05:56.000000+00
595,2,Issue #974 Discussion,974,true,2024-11-10 15:43:07.000000+00,2024-11-10 15:43:07.000000+00
596,2,Issue #975 Discussion,975,true,2024-11-20 18:12:24.000000+00,2024-11-20 18:12:24.000000+00
597,2,Issue #978 Discussion,978,true,2025-02-09 13:06:02.000000+00,2025-02-09 13:06:02.000000+00
598,2,Issue #981 Discussion,981,true,2025-03-28 10:02:17.000000+00,2025-03-28 10:02:17.000000+00
599,2,Issue #985 Discussion,985,true,2025-05-30 09:22:37.000000+00,2025-05-30 09:22:37.000000+00
600,2,Issue #987 Discussion,987,true,2025-08-06 08:07:33.000000+00,2025-08-06 08:07:33.000000+00
601,2,Issue #988 Discussion,988,true,2025-08-06 11:06:40.000000+00,2025-08-06 11:06:40.000000+00
602,2,Issue #990 Discussion,990,true,2025-09-19 11:43:25.000000+00,2025-09-19 11:43:25.000000+00
603,2,Issue #991 Discussion,991,true,2025-09-27 13:10:32.000000+00,2025-09-27 13:10:32.000000+00
604,2,Issue #992 Discussion,992,true,2025-10-06 09:50:49.000000+00,2025-10-06 09:50:49.000000+00
605,2,Issue #993 Discussion,993,true,2025-10-15 11:13:27.000000+00,2025-10-15 11:13:27.000000+00
606,2,Issue #995 Discussion,995,true,2025-12-08 15:57:18.000000+00,2025-12-08 15:57:18.000000+00
607,2,Issue #996 Discussion,996,true,2025-12-21 15:23:23.000000+00,2025-12-21 15:23:23.000000+00
608,2,Issue #999 Discussion,999,true,2024-03-15 08:20:19.000000+00,2024-03-15 08:20:19.000000+00
609,2,Issue #1000 Discussion,1000,true,2024-03-29 10:31:27.000000+00,2024-03-29 10:31:27.000000+00
610,2,Issue #1002 Discussion,1002,true,2024-07-21 11:41:47.000000+00,2024-07-21 11:41:47.000000+00
611,2,Issue #1004 Discussion,1004,true,2024-08-23 08:26:42.000000+00,2024-08-23 08:26:42.000000+00
612,2,Issue #1005 Discussion,1005,true,2024-09-03 09:18:46.000000+00,2024-09-03 09:18:46.000000+00
613,2,Issue #1006 Discussion,1006,true,2024-09-15 11:28:09.000000+00,2024-09-15 11:28:09.000000+00
614,2,Issue #1007 Discussion,1007,true,2024-09-18 18:40:31.000000+00,2024-09-18 18:40:31.000000+00
615,2,Issue #1008 Discussion,1008,true,2024-10-07 08:39:37.000000+00,2024-10-07 08:39:37.000000+00
616,2,Issue #1009 Discussion,1009,true,2024-10-13 13:24:38.000000+00,2024-10-13 13:24:38.000000+00
617,2,Issue #1011 Discussion,1011,true,2024-10-21 13:40:20.000000+00,2024-10-21 13:40:20.000000+00
618,2,Issue #1013 Discussion,1013,true,2024-11-03 10:01:39.000000+00,2024-11-03 10:01:39.000000+00
619,2,Issue #1015 Discussion,1015,true,2024-11-20 17:20:08.000000+00,2024-11-20 17:20:08.000000+00
620,2,Issue #1016 Discussion,1016,true,2024-11-27 10:29:32.000000+00,2024-11-27 10:29:32.000000+00
621,2,Issue #1018 Discussion,1018,true,2024-12-11 13:01:28.000000+00,2024-12-11 13:01:28.000000+00
622,2,Issue #1019 Discussion,1019,true,2024-12-19 15:06:09.000000+00,2024-12-19 15:06:09.000000+00
623,2,Issue #1020 Discussion,1020,true,2024-12-25 09:41:44.000000+00,2024-12-25 09:41:44.000000+00
624,2,Issue #1023 Discussion,1023,true,2025-02-08 11:54:13.000000+00,2025-02-08 11:54:13.000000+00
625,2,Issue #1025 Discussion,1025,true,2025-03-30 08:04:21.000000+00,2025-03-30 08:04:21.000000+00
626,2,Issue #1026 Discussion,1026,true,2025-04-21 16:53:47.000000+00,2025-04-21 16:53:47.000000+00
627,2,Issue #1029 Discussion,1029,true,2025-05-27 17:57:57.000000+00,2025-05-27 17:57:57.000000+00
628,2,Issue #1031 Discussion,1031,true,2025-07-31 12:36:00.000000+00,2025-07-31 12:36:00.000000+00
629,2,Issue #1032 Discussion,1032,true,2025-08-10 12:17:31.000000+00,2025-08-10 12:17:31.000000+00
630,2,Issue #1033 Discussion,1033,true,2025-08-22 11:35:32.000000+00,2025-08-22 11:35:32.000000+00
631,2,Issue #1035 Discussion,1035,true,2025-09-05 12:20:49.000000+00,2025-09-05 12:20:49.000000+00
632,2,Issue #1036 Discussion,1036,true,2025-09-14 15:54:10.000000+00,2025-09-14 15:54:10.000000+00
633,2,Issue #1037 Discussion,1037,true,2025-10-05 17:30:59.000000+00,2025-10-05 17:30:59.000000+00
634,2,Issue #1038 Discussion,1038,true,2025-12-14 12:26:00.000000+00,2025-12-14 12:26:00.000000+00
635,2,Issue #1039 Discussion,1039,true,2025-12-15 10:45:16.000000+00,2025-12-15 10:45:16.000000+00
636,2,Issue #1040 Discussion,1040,true,2025-12-30 12:54:17.000000+00,2025-12-30 12:54:17.000000+00
637,3,Issue #1041 Discussion,1041,true,2024-01-30 08:07:41.000000+00,2024-01-30 08:07:41.000000+00
638,3,Issue #1042 Discussion,1042,true,2024-03-04 18:32:55.000000+00,2024-03-04 18:32:55.000000+00
639,3,Issue #1043 Discussion,1043,true,2024-03-19 13:51:32.000000+00,2024-03-19 13:51:32.000000+00
640,3,Issue #1044 Discussion,1044,true,2024-03-29 18:09:41.000000+00,2024-03-29 18:09:41.000000+00
641,3,Issue #1046 Discussion,1046,true,2024-04-22 13:41:42.000000+00,2024-04-22 13:41:42.000000+00
642,3,Issue #1047 Discussion,1047,true,2024-05-03 08:38:54.000000+00,2024-05-03 08:38:54.000000+00
643,3,Issue #1049 Discussion,1049,true,2024-05-28 14:24:03.000000+00,2024-05-28 14:24:03.000000+00
644,3,Issue #1050 Discussion,1050,true,2024-06-08 13:10:48.000000+00,2024-06-08 13:10:48.000000+00
645,3,Issue #1051 Discussion,1051,true,2024-07-12 11:16:32.000000+00,2024-07-12 11:16:32.000000+00
646,3,Issue #1053 Discussion,1053,true,2024-07-23 09:54:15.000000+00,2024-07-23 09:54:15.000000+00
647,3,Issue #1054 Discussion,1054,true,2024-08-03 14:18:23.000000+00,2024-08-03 14:18:23.000000+00
648,3,Issue #1055 Discussion,1055,true,2024-08-06 10:31:13.000000+00,2024-08-06 10:31:13.000000+00
649,3,Issue #1057 Discussion,1057,true,2024-08-20 12:04:07.000000+00,2024-08-20 12:04:07.000000+00
650,3,Issue #1058 Discussion,1058,true,2024-08-31 12:57:57.000000+00,2024-08-31 12:57:57.000000+00
651,3,Issue #1059 Discussion,1059,true,2024-09-07 15:09:14.000000+00,2024-09-07 15:09:14.000000+00
652,3,Issue #1061 Discussion,1061,true,2024-10-10 16:47:57.000000+00,2024-10-10 16:47:57.000000+00
653,3,Issue #1062 Discussion,1062,true,2024-10-14 12:00:36.000000+00,2024-10-14 12:00:36.000000+00
654,3,Issue #1064 Discussion,1064,true,2024-12-05 09:54:21.000000+00,2024-12-05 09:54:21.000000+00
655,3,Issue #1065 Discussion,1065,true,2024-12-16 15:07:35.000000+00,2024-12-16 15:07:35.000000+00
656,3,Issue #1067 Discussion,1067,true,2025-01-04 10:55:33.000000+00,2025-01-04 10:55:33.000000+00
657,3,Issue #1068 Discussion,1068,true,2025-02-05 16:14:53.000000+00,2025-02-05 16:14:53.000000+00
658,3,Issue #1069 Discussion,1069,true,2025-03-08 11:57:33.000000+00,2025-03-08 11:57:33.000000+00
659,3,Issue #1070 Discussion,1070,true,2025-04-01 14:38:04.000000+00,2025-04-01 14:38:04.000000+00
660,3,Issue #1071 Discussion,1071,true,2025-04-25 10:53:22.000000+00,2025-04-25 10:53:22.000000+00
661,3,Issue #1072 Discussion,1072,true,2025-05-23 15:00:40.000000+00,2025-05-23 15:00:40.000000+00
662,3,Issue #1073 Discussion,1073,true,2025-06-11 13:39:29.000000+00,2025-06-11 13:39:29.000000+00
663,3,Issue #1075 Discussion,1075,true,2025-07-13 11:55:54.000000+00,2025-07-13 11:55:54.000000+00
664,3,Issue #1076 Discussion,1076,true,2025-07-15 11:42:53.000000+00,2025-07-15 11:42:53.000000+00
665,3,Issue #1078 Discussion,1078,true,2025-07-31 17:36:06.000000+00,2025-07-31 17:36:06.000000+00
666,3,Issue #1079 Discussion,1079,true,2025-08-02 12:55:33.000000+00,2025-08-02 12:55:33.000000+00
667,3,Issue #1080 Discussion,1080,true,2025-08-10 15:46:29.000000+00,2025-08-10 15:46:29.000000+00
668,3,Issue #1082 Discussion,1082,true,2025-10-21 12:05:21.000000+00,2025-10-21 12:05:21.000000+00
669,3,Issue #1083 Discussion,1083,true,2025-11-05 10:24:12.000000+00,2025-11-05 10:24:12.000000+00
670,3,Issue #1084 Discussion,1084,true,2025-11-19 11:32:44.000000+00,2025-11-19 11:32:44.000000+00
